link_id,side,point_id,class_nm,confidence,area,detection_index,class_id,xmin,ymin,xmax,ymax,file_id
cluster2_secondary_15_6,side1,3,prohibAnytime,0.78,372,0,0,607,304,619,335,"gsv__cluster2_secondary_15_6__side1__3__2024-07__73.032__33.747743651,-84.392172231.jpg"
cluster2_secondary_15_6,side2,2,prohibAnytime,0.84,420,0,0,603,313,618,341,"gsv__cluster2_secondary_15_6__side2__2__2024-07__252.165__33.747630523,-84.392258262.jpg"
cluster2_secondary_57_3,side1,5,prohibAnytime,0.79,510,0,0,311,309,328,339,"gsv__cluster2_secondary_57_3__side1__5__2024-07__132.475__33.764104354,-84.379774002.jpg"
cluster2_secondary_57_3,side2,1,permit,0.35,360,0,4,332,311,344,341,"gsv__cluster2_secondary_57_3__side2__1__2024-07__311.736__33.764114208,-84.380207536.jpg"
